#FASE 1: CRIAR O BANCO DE DADOS (SCHEMA OU DATABASE):
#MEU PRIMEIRO BANQUINHO
CREATE SCHEMA EC1_CC1M;

#FASE 2: SELECIONAR O NOVO SCHEMA OU DATABASE PARA USO:
#USANDO MEU BANQUINHO
USE EC1_CC1M;


# FASE 3: CRIANDO AS TABELAS SEM CHAVES ESTRANGEIRAS

#CRIANDO A TABELINHA FORNECEDORES
CREATE TABLE IF NOT EXISTS FORNECEDORES(
#NOMEDOATRIBUTO - TIPO - RESTRIÇÃO DE INTEGRIDADE(OPCIONAL)
FORNEC_COD INT PRIMARY KEY,
FORNEC_NOME VARCHAR(45) NOT NULL,
FORNEC_RUA VARCHAR(45) NOT NULL,
FORNEC_NUMRUA INT,
FORNEC_BAIRRO VARCHAR(45) NOT NULL,
FORNEC_CIDADE VARCHAR(45) NOT NULL,
FORNEC_ESTADO VARCHAR(45) NOT NULL,
FORNEC_PAIS VARCHAR(30) NOT NULL,
FORNEC_CODPOSTAL VARCHAR(10) NOT NULL,
FORNEC_TELEFONE VARCHAR(15) NOT NULL,
FORNEC_CONTATO TEXT NOT NULL
);

ALTER TABLE FORNECEDORES ADD COLUMN TESTE TEXT;
ALTER TABLE FORNECEDORES DROP COLUMN TESTE;

INSERT INTO FORNECEDORES (FORNEC_COD, FORNEC_NOME, FORNEC_RUA, FORNEC_NUMRUA, FORNEC_BAIRRO, FORNEC_CIDADE, FORNEC_ESTADO, FORNEC_PAIS, FORNEC_CODPOSTAL, FORNEC_TELEFONE, FORNEC_CONTATO)
VALUES 
(1, 'Fornecedor A', 'Rua das Flores', 123, 'Centro', 'Cidade A', 'SP', 'Brasil', '01010101', '(11) 1234-5678', 'Contato A'),
(2, 'Fornecedor B', 'Avenida Paulista', 456, 'Bairro B', 'Cidade B', 'RJ', 'Brasil', '02020202', '(21) 2345-6789', 'Contato B'),
(3, 'Fornecedor C', 'Rua do Comércio', 789, 'Bairro C', 'Cidade C', 'MG', 'Brasil', '03030303', '(31) 3456-7890', 'Contato C');

#CRIANDO A TABELINHA FILIAIS
CREATE TABLE IF NOT EXISTS FILIAIS(
FILIAL_COD INT PRIMARY KEY,
FILIAL_NOME VARCHAR(45) NOT NULL,
FILIAL_RUA VARCHAR(100) NOT NULL,
FILIAL_NUMRUA INT,
FILIAL_BAIRRO VARCHAR(50) NOT NULL,
FILIAL_CIDADE VARCHAR(50) NOT NULL,
FILIAL_ESTADO VARCHAR(50) NOT NULL,
FILIAL_PAIS VARCHAR(50) NOT NULL,
FILIAL_CODPOSTAL VARCHAR(10) NOT NULL,
FILIAL_CAPACIDADE TEXT NOT NULL);

ALTER TABLE FILIAIS ADD COLUMN TESTE TEXT;
ALTER TABLE FILIAIS DROP COLUMN TESTE;

INSERT INTO FILIAIS (FILIAL_COD, FILIAL_NOME, FILIAL_RUA, FILIAL_NUMRUA, FILIAL_BAIRRO, FILIAL_CIDADE, FILIAL_ESTADO, FILIAL_PAIS, FILIAL_CODPOSTAL, FILIAL_CAPACIDADE)
VALUES 
(1, 'Filial A', 'Rua das Palmeiras', 321, 'Centro', 'Cidade A', 'SP', 'Brasil', '01010101', '50'),
(2, 'Filial B', 'Rua das Acácias', 654, 'Bairro B', 'Cidade B', 'RJ', 'Brasil', '02020202', '70'),
(3, 'Filial C', 'Avenida Brasil', 987, 'Bairro C', 'Cidade C', 'MG', 'Brasil', '03030303', '60');

#CRIANDO A TABELINHA PRODUTOS
CREATE TABLE IF NOT EXISTS PRODUTOS(
PROD_COD INT PRIMARY KEY,
PROD_NOME VARCHAR(50) NOT NULL,
PROD_DESCRICAO TEXT NOT NULL,
PROD_ESPECTEC TEXT NOT NULL,
PROD_QUANT DECIMAL(10,3) NOT NULL,
PROD_PRECOUNIT DECIMAL(10,2) NOT NULL,
PROD_UNIDMEDIDA VARCHAR(10) NOT NULL,
PROD_ESTOQ_MIN DECIMAL(10,3) NOT NULL
);

ALTER TABLE PRODUTOS ADD COLUMN TESTE TEXT;
ALTER TABLE PRODUTOS DROP COLUMN TESTE;

INSERT INTO PRODUTOS (PROD_COD, PROD_NOME, PROD_DESCRICAO, PROD_ESPECTEC, PROD_QUANT, PROD_PRECOUNIT, PROD_UNIDMEDIDA, PROD_ESTOQ_MIN)
VALUES 
(1, 'Produto A', 'Descrição do Produto A', 'Especificação A', 100.000, 25.50, 'kg', 10.000),
(2, 'Produto B', 'Descrição do Produto B', 'Especificação B', 200.000, 15.00, 'kg', 20.000),
(3, 'Produto C', 'Descrição do Produto C', 'Especificação C', 150.000, 30.00, 'kg', 15.000);

#FASE 4: CRIAR AS TABELAS COM DEPENDÊNCIA DE CHAVE ESTRANGEIRA

#CRIANDO A TABELA PEDIDOS
CREATE TABLE IF NOT EXISTS PEDIDOS(
PED_CODIGO INT PRIMARY KEY,
PED_DATA DATE NOT NULL,
PED_HORA TIME NOT NULL,
PED_PREVISAO DATE NOT NULL,
PED_STATUS ENUM('PENDENTE','CONCLUÍDO','EM ESPERA'),
PED_FORNECEDOR INT NOT NULL, #NOSSA CHAVE ESTRANGEIRA DE FORNECEDOR
#CRIANDO A REFERENCIA PARA A CHAVE ESTRANGEIRA
#RESTRIÇÃO APELIDO CH.ESTRANGEIRA(CAMPO CRIADO) REFERENCIA TABELA(CH.PRIMÁRIA)
CONSTRAINT FK_FORNECEDOR FOREIGN KEY (PED_FORNECEDOR) #DAR NOME A RESTRIÇÃO(CONSTRAINT) É UMA BOA PRÁTICA
REFERENCES FORNECEDORES(FORNEC_COD) #REFERENCIA A CHAVE PRIMÁRIA DE FORNECEDORES
);

ALTER TABLE PEDIDOS ADD COLUMN TESTE TEXT;
ALTER TABLE PEDIDOS DROP COLUMN TESTE;

INSERT INTO PEDIDOS (PED_CODIGO, PED_DATA, PED_HORA, PED_PREVISAO, PED_STATUS, PED_FORNECEDOR)
VALUES 
(1, '2024-11-01', '10:00', '2024-11-10', 'PENDENTE', 1),
(2, '2024-11-02', '11:30', '2024-11-12', 'CONCLUÍDO', 2),
(3, '2024-11-03', '14:45', '2024-11-15', 'EM ESPERA', 3);

#CRIANDO A TABELA RECEBIMENTOS (VEIO DEPOIS POIS TEM DEPENDÊNCIA DE PEDIDOS)
CREATE TABLE IF NOT EXISTS RECEBIMENTOS(
RECEB_DATA DATE NOT NULL,
RECEB_HORA TIME NOT NULL,
RECEB_QUANT_PROD DECIMAL(10,3),
RECEB_CONDICAO TEXT NOT NULL,
RECEB_PEDIDOS INT PRIMARY KEY,
CONSTRAINT FK_PEDIDOS FOREIGN KEY(RECEB_PEDIDOS) REFERENCES PEDIDOS(PED_CODIGO));

ALTER TABLE RECEBIMENTOS ADD COLUMN TESTE TEXT;
ALTER TABLE RECEBIMENTOS DROP COLUMN TESTE;

INSERT INTO RECEBIMENTOS (RECEB_DATA, RECEB_HORA, RECEB_QUANT_PROD, RECEB_CONDICAO, RECEB_PEDIDOS)
VALUES 
('2024-11-01', '10:15', 50.000, 'Boa', 1),
('2024-11-02', '11:45', 100.000, 'Boa', 2),
('2024-11-03', '15:00', 75.000, 'Boa', 3);

#FASE 5: CRIANDO AS TABELAS ASSOCIATIVAS (ENTIDADES ASSOCIATIVAS)

#CRIANDO A TABELA PEDIDOS_PRODUTOS
CREATE TABLE IF NOT EXISTS PEDIDOS_PRODUTOS(
PDPR_PEDIDOS INT,
PDPR_PRODUTOS INT,
PRIMARY KEY(PDPR_PEDIDOS,PDPR_PRODUTOS),
PDPR_QUANT DECIMAL(10,3) NOT NULL,
CONSTRAINT PDPR_FK_PEDIDOS FOREIGN KEY(PDPR_PEDIDOS) REFERENCES PEDIDOS(PED_CODIGO),
CONSTRAINT PDPR_FK_PRODUTOS FOREIGN KEY(PDPR_PRODUTOS) REFERENCES PRODUTOS(PROD_COD)
);

ALTER TABLE PEDIDOS_PRODUTOS ADD COLUMN TESTE TEXT;
ALTER TABLE PEDIDOS_PRODUTOS DROP COLUMN TESTE;

INSERT INTO PEDIDOS_PRODUTOS (PDPR_PEDIDOS, PDPR_PRODUTOS, PDPR_QUANT)
VALUES 
(1, 1, 10.000),
(2, 2, 20.000),
(3, 3, 15.000);

#CRIANDO A TABELA FILIAIS_PRODUTOS
CREATE TABLE IF NOT EXISTS FILIAIS_PRODUTOS(
FLPR_FILIAL INT,
FLPR_PRODUTOS INT,
PRIMARY KEY(FLPR_FILIAL,FLPR_PRODUTOS),
FLPR_QUANT DECIMAL(10,3) NOT NULL,
CONSTRAINT FILIAIS_PRODUTOSI FOREIGN KEY(FLPR_FILIAL) REFERENCES FILIAIS(FILIAL_COD),
CONSTRAINT FILIAIS_PRODUTOSII FOREIGN KEY(FLPR_PRODUTOS) REFERENCES PRODUTOS(PROD_COD));

ALTER TABLE FILIAIS_PRODUTOS ADD COLUMN TESTE TEXT;
ALTER TABLE FILIAIS_PRODUTOS DROP COLUMN TESTE;

INSERT INTO FILIAIS_PRODUTOS (FLPR_FILIAL, FLPR_PRODUTOS, FLPR_QUANT)
VALUES 
(1, 1, 50.000),
(2, 2, 100.000),
(3, 3, 75.000);

#CRIAR A TABELA FORNECEDORES_PRODUTOS
CREATE TABLE IF NOT EXISTS FORNECEDORES_PRODUTOS(
FRPR_FORNECEDOR INT,
FRPR_PRODUTOS INT,
PRIMARY KEY(FRPR_FORNECEDOR,FRPR_PRODUTOS),
CONSTRAINT FRPR_FK_FORNECEDORES FOREIGN KEY(FRPR_FORNECEDOR) REFERENCES FORNECEDORES(FORNEC_COD),
CONSTRAINT FRPR_FK_PRODUTOS FOREIGN KEY(FRPR_PRODUTOS) REFERENCES PRODUTOS(PROD_COD));

ALTER TABLE FORNECEDORES_PRODUTOS ADD COLUMN TESTE TEXT;
ALTER TABLE FORNECEDORES_PRODUTOS DROP COLUMN TESTE;

INSERT INTO FORNECEDORES_PRODUTOS (FRPR_FORNECEDOR, FRPR_PRODUTOS)
VALUES 
(1, 1),
(2, 2),
(3, 3);

DROP SCHEMA EC2_CC1M;
